Player,EVENTS_PLAYED,POINTS,POINT_RANKING,POINTS PER EVENT,NUMBER_OF_WINS,NUMBER_OF_TOP_Tens,ROUNDS_PLAYED,TOTAL_SG:PUTTING,AVG_Driving_DISTANCE,UP_AND_DOWN_%,BIRDIE_OR_BETTER,BIRDIE_OR_BETTER_PER_ROUND,MISSED_GIR,FAIRWAY_HIT_%,GIR_RANK,SAND_SAVE%,TOTAL_O/U_PAR,Three_PUTT%,TOTAL_3_PUTTS,SG_PER_ROUND,SG:OTT,SG:APR,SG:ARG,AVG_BALL_SPEED,AVG_SPIN_RATE,AVG_SCORE,TOTAL_STROKES,TOTAL_ROUNDS,AGE
Bryson DeChambeau,24,5617,1,234.04,3,9,85,21.533,306.4,61.68,272,3.056179775,441,61.23,26,48.09,39,3.5,56,1.385,0.579,0.654,0.151,175.43,2593.9,69.624,6194,89,24
Dustin Johnson,18,3289,2,182.72,3,11,69,25.126,314.5,63.31,214,3.057142857,338,57.96,27,50.63,21,1.67,21,1.987,1.006,0.824,0.157,181.43,2713.8,68.702,4799,70,34
Justin Rose,16,3191,3,199.44,2,9,62,20.974,303.1,63.64,189,3.048387097,297,64.42,31,58.82,19,2.33,26,1.363,0.592,0.414,0.357,172.33,2416,69,4282,62,38
Tony Finau,26,3169,4,121.88,0,10,97,8.25,316.3,58.01,268,2.85106383,462,53.9,18,45.89,41,2.25,38,1.252,0.509,0.49,0.254,181.77,2724.8,69.515,6537,94,28
Justin Thomas,21,3084,5,146.86,3,9,83,16.658,312.9,63.14,245,3.141025641,388,58.01,32,53.45,22,2.49,35,1.653,0.471,0.967,0.215,176.02,2405.5,69.117,5388,78,25
Brooks Koepka,15,2551,6,170.07,2,6,56,-0.183,313.4,64.69,185,3.189655172,286,57.2,56,52.56,16,3.54,37,1.226,0.767,0.228,0.23,180.62,2714.4,69.31,4018,58,28
Bubba Watson,22,2277,7,103.50,3,6,82,-1.924,313.6,57.18,219,2.92,383,58.43,34,47.01,34,2.44,33,0.82,0.861,0.092,-0.133,181.33,2864.5,70.25,5246,75,39
Cameron Smith,22,2231,8,101.41,0,7,77,16.169,298.8,62.47,278,3.756756757,445,57.01,160,57.04,33,1.73,23,0.198,-0.028,-0.01,0.236,169.79,2520.8,70.525,5213,74,25
Phil Mickelson,22,1969,9,89.50,1,6,82,48.801,299.9,60.85,286,3.445783133,470,52.33,127,60.9,29,2.34,35,0.617,-0.147,0.634,0.13,173.78,2714.9,69.927,5802,83,48
Jason Day,18,1935,10,107.50,2,5,67,33.632,310.7,64.46,234,3.65625,363,59.02,124,64.17,24,1.91,22,0.725,0.229,-0.133,0.629,176.44,2131,69.586,4461,64,30
Webb Simpson,24,1848,11,77.00,1,7,87,41.8,293.6,66.59,309,3.511363636,464,61.96,75,63.04,24,1.7,27,0.734,-0.07,0.489,0.315,164.85,2575.9,69.311,6097,88,33
Patrick Cantlay,21,1838,12,87.52,1,7,79,-3.052,303.2,59.17,213,2.802631579,360,61.52,11,54.64,15,3.29,45,1.489,0.723,0.567,0.199,172.73,2527.3,69.861,5313,76,25
Patrick Reed,24,1761,13,73.38,1,7,86,7.698,299.3,64.26,311,3.792682927,484,54.11,159,55.35,33,2.24,33,0.89,0.091,0.255,0.543,173.39,3048.3,69.982,5749,82,28
Francesco Molinari,18,1682,14,93.44,2,4,65,-21.89,301.6,60.13,187,2.833333333,311,63.97,16,50,23,3.03,36,1.674,0.767,0.702,0.205,169.12,2812,69.746,4613,66,35
Billy Horschel,25,1610,15,64.40,1,4,78,22.868,296.1,57.84,225,2.884615385,389,67.6,10,50,38,2.56,36,0.649,0.559,0.278,-0.189,169.92,2645.4,70.258,5449,78,31
Kyle Stanley,24,1525,16,63.54,0,5,85,6.434,296.2,56.72,228,2.714285714,402,71.45,4,44.68,44,3.17,48,0.798,0.489,0.271,0.038,168.07,2891.2,70.441,5906,84,30
Paul Casey,18,1499,17,83.28,1,5,67,4.79,304.1,60.87,210,3.134328358,345,62.81,62,50.65,30,2.82,34,0.944,0.179,0.703,0.063,175.93,2608.2,69.878,4697,67,35
Aaron Wise,27,1498,18,55.48,1,4,82,17.134,303.4,56.59,249,2.964285714,440,63.29,45,48.8,38,3.44,52,0.486,0.421,0.075,-0.01,171.87,2561.1,70.276,5888,84,22
Jon Rahm,18,1474,19,81.89,1,5,63,-4.947,310.5,59.18,174,2.806451613,294,59.06,8,45.98,22,3.32,37,1.224,0.872,0.15,0.203,177.19,2396.1,69.995,4321,62,23
Tommy Fleetwood,17,1424,20,83.76,0,5,65,5.785,307.5,56.82,175,2.822580645,308,63.29,52,51.46,40,2.51,28,1.318,0.567,0.359,0.392,175.17,2691.8,69.339,4312,62,27
Patton Kizzire,27,1413,21,52.33,2,4,84,11.231,299,55.36,253,2.976470588,457,54.82,45,42.34,42,2.81,43,-0.055,-0.278,0.39,-0.167,171.71,2646.8,70.851,5982,85,27
Marc Leishman,23,1390,22,60.43,0,6,85,9.112,298.6,60.04,278,3.23255814,463,59.27,94,50.35,42,2.39,37,0.637,0.023,0.318,0.297,173.06,2812.6,70.243,6031,86,34
Kevin Na,24,1387,23,57.79,1,4,83,27.291,290.3,64.52,320,3.902439024,496,64.2,142,62.22,25,2.44,36,0.431,-0.341,0.373,0.4,166.17,2909.3,70.247,5728,82,35
Rory McIlroy,16,1373,24,85.81,1,5,56,7.536,320.2,66.05,214,3.754385965,324,55.38,140,54.44,17,2.14,22,1.253,0.655,0.195,0.403,181.34,2240.4,69.314,3966,57,29
Tiger Woods,16,1342,25,83.88,0,5,60,11.561,303.5,64.33,220,3.4375,342,57.39,89,47.78,28,2.6,30,1.317,-0.006,0.955,0.367,178.56,2448.7,69.457,4461,64,42
Rickie Fowler,18,1302,26,72.33,0,4,66,10.983,301.1,64.31,218,3.114285714,339,63.81,28,59.8,19,2.06,26,1.005,0.27,0.478,0.257,173.84,2826.4,69.452,4861,70,29
Jordan Spieth,22,1299,27,59.05,0,5,77,-1.84,299.9,63.2,237,3.118421053,375,61.02,15,53.27,24,3.07,42,1.016,0.304,0.445,0.267,170.46,2335.6,69.904,5284,76,25
Hideki Matsuyama,19,1271,28,66.89,0,3,67,8.86,302.5,61.4,210,3.088235294,342,60.87,51,55.42,29,3.19,39,0.927,0.164,0.503,0.26,173.41,2629.3,70.089,4753,68,28
Emiliano Grillo,24,1252,29,52.17,0,6,90,38.484,294.7,62.55,299,3.25,478,69.82,36,56.03,36,2.66,44,0.755,0.413,0.434,-0.092,169.17,2715.5,70.152,6438,92,25
Gary Woodland,25,1205,30,48.20,1,3,88,-2.586,313.2,54.46,226,2.597701149,415,62.69,9,42.77,56,3.64,57,1.097,0.862,0.53,-0.295,180.22,2585,70.197,6113,87,34
Chez Reavie,27,1184,31,43.85,0,3,89,10.551,287.3,62.61,283,3.290697674,452,71.67,47,42.34,59,2.84,44,0.561,0.236,0.483,-0.158,160.99,2500,70.432,6036,86,36
Brandt Snedeker,24,1174,32,48.92,1,4,80,32.916,293.5,61.82,285,3.475609756,461,62.25,121,57.48,35,2.03,30,0.352,-0.079,0.074,0.357,165.37,2584.6,70.379,5753,82,37
C.T. Pan,29,1170,33,40.34,0,2,100,-4.618,292.6,56.62,278,2.836734694,491,68.57,5,40.15,52,2.66,47,0.58,0.228,0.287,0.065,167.46,2697.3,70.457,6866,98,26
Pat Perez,22,1167,34,53.05,1,4,78,6.287,292.9,56.19,218,2.906666667,388,64.87,72,43.52,42,2.44,33,-0.183,-0.032,-0.199,0.048,168.41,3127.4,70.594,5295,75,39
Andrew Landry,26,1145,35,44.04,1,5,78,-3.516,291.7,56.14,265,3.3125,472,63.23,118,42.28,45,2.15,31,0.016,0.263,-0.061,-0.186,166.35,2545.6,71.059,5657,80,31
Chesson Hadley,29,1144,36,39.45,0,7,99,22.518,300.1,56.69,301,3.04040404,531,59.42,55,47.22,52,2.36,42,0.751,0.148,0.701,-0.099,171.81,2414.2,70.311,6941,99,31
Rafa Cabrera Bello,19,1121,37,59.00,0,5,71,5.828,295.6,57.85,188,2.685714286,325,67.05,7,55.45,31,3.17,40,1.136,0.348,0.693,0.094,167.46,2488.3,69.887,4898,70,36
Brian Harman,24,1116,38,46.50,0,8,90,34.332,292.6,57.96,273,3.033333333,471,66.2,60,48.87,37,3.33,54,0.038,0.17,-0.029,-0.103,164.02,2509.7,70.536,6341,90,31
Kevin Kisner,24,1111,39,46.29,0,4,85,33.27,291.1,60.98,275,3.525641026,451,65.81,126,44.83,42,1.5,21,-0.381,-0.005,-0.306,-0.069,164.87,2869.2,70.729,5491,78,34
Luke List,28,1111,40,39.68,0,5,94,-30.394,315.2,58.61,296,3.115789474,505,54.09,49,52.91,33,3.1,53,1.44,0.824,0.26,0.356,181.24,2963.1,70.229,6679,95,29
Xander Schauffele,25,1109,41,44.36,0,5,88,0.167,304.6,58.48,300,3.370786517,513,59.28,138,47.67,44,2.81,45,0.343,0.25,0.171,-0.078,174.2,2616.7,70.547,6274,89,24
Austin Cook,28,1094,42,39.07,1,3,103,27.162,292.5,62.22,392,3.663551402,630,66.3,107,53.49,53,2.91,56,0.269,0.115,-0.056,0.21,166.22,2518.2,70.469,7503,107,27
Ryan Armour,31,1084,43,34.97,1,3,105,-6.147,284.2,59.83,356,3.327102804,595,73.46,68,52.33,57,3.01,58,0.467,0.017,0.25,0.2,161.19,2728.7,70.758,7515,107,36
Andrew Putnam,27,1063,44,39.37,1,5,93,1.655,294.2,60.92,279,3.134831461,458,60.4,21,49.18,38,3,48,0.413,-0.104,0.357,0.161,167.31,2790.5,70.579,6239,89,29
Byeong Hun An,23,1061,45,46.13,0,4,82,-11.512,308.6,63.16,276,3.285714286,437,59.29,62,51.24,34,2.78,42,1.188,0.477,0.508,0.202,176.22,2481.9,70.19,5902,84,28
Ian Poulter,19,1061,46,55.84,1,4,69,7.156,293.4,58.56,195,3.046875,333,65.31,96,51.46,38,2.08,24,0.815,0.193,0.454,0.168,167.36,2866.6,70.593,4519,64,38
Adam Hadwin,24,1054,47,43.92,0,3,88,8.729,289.7,59.04,284,3.191011236,481,65.18,74,48.15,42,2.31,37,0.584,0.121,0.24,0.223,168.2,2952,70.75,6280,89,30
Adam Scott,20,1052,48,52.60,0,3,74,-11.944,304.8,56.5,213,2.730769231,377,62.16,6,52,43,4.34,61,1.224,0.366,0.705,0.153,180.85,2903.8,70.42,5504,78,38
Beau Hossler,27,1043,49,38.63,0,5,100,60.061,300.1,59.66,349,3.355769231,585,60.1,82,53.18,41,2.51,47,-0.094,0.267,-0.366,0.004,167.31,2247.7,70.574,7302,104,23
Alex Noren,17,1033,50,60.76,0,3,63,28.117,299.2,61.96,202,3.366666667,326,60.52,128,51.58,22,2.31,25,0.364,0.208,0.19,-0.034,173.28,3143.2,69.973,4222,60,36
Brendan Steele,21,998,51,47.52,1,3,70,-22.13,311.4,53.13,170,2.537313433,320,59.47,24,47.78,29,3.07,37,0.751,0.684,0.306,-0.239,174.55,2521.7,71.021,4754,67,35
Keegan Bradley,25,979,52,39.16,0,4,90,-34.538,300.3,58.15,264,2.966292135,454,68.16,29,45.33,52,2.75,44,1.384,0.288,0.99,0.107,171.21,2598.6,70.254,6241,89,32
Si Woo Kim,30,972,53,32.40,0,5,104,-17.329,290.6,57.32,364,3.5,635,59.81,151,50.78,58,2.51,47,0.16,-0.021,-0.146,0.327,166.27,2700.3,71.367,7394,104,28
Tyrrell Hatton,15,932,54,62.13,0,4,54,9.23,298.2,63.12,178,3.296296296,282,60.49,109,53.42,28,2.47,24,0.501,0.207,0.182,0.112,172.56,2630.5,70.091,3802,54,32
Brian Gay,29,910,55,31.38,0,6,99,40.29,282.8,63.93,381,3.772277228,596,70.36,147,51.88,50,2.2,40,0.103,-0.136,-0.019,0.257,157.17,2339.9,70.28,7062,101,46
Abraham Ancer,29,909,56,31.34,0,5,94,-4.076,296.3,63.23,356,3.708333333,563,63.06,108,54.38,31,2.66,46,0.444,0.332,0.128,-0.016,167.57,2599.9,70.659,6745,96,27
Charles Howell III,27,905,57,33.52,0,4,100,7.604,300.8,61.84,316,3.16,511,62.36,35,56.49,34,2.33,42,0.668,0.355,0.209,0.103,174.85,2748.6,70.219,7011,100,39
Ryan Palmer,21,900,58,42.86,0,3,65,-22.167,305.7,56.68,212,3.365079365,374,58.88,139,47.58,39,3.17,36,0.336,0.272,0.22,-0.157,173.8,2360.6,71.031,4444,63,39
Zach Johnson,24,890,59,37.08,0,2,90,14.042,290.1,61.77,286,3.287356322,463,63.38,85,51.77,38,2.04,32,0.787,-0.005,0.41,0.382,164.14,2548.7,69.911,6063,87,42
Henrik Stenson,15,881,60,58.73,0,5,56,-15.604,291,60.79,138,2.464285714,227,74.33,1,54.39,17,1.88,19,1.479,0.587,0.975,-0.084,174.48,2865.8,69.617,3901,56,42
Jason Kokrak,28,881,61,31.46,0,4,95,0.748,309.7,54.95,283,2.858585859,515,57.8,23,40.13,60,2.97,53,0.513,0.359,0.268,-0.113,177.41,2559.8,70.444,6927,99,33
J.J. Spaun,26,880,62,33.85,0,4,81,-11.191,298.9,55.79,236,2.987341772,423,65.71,44,44.17,51,2.95,42,0.529,0.319,0.453,-0.244,167.18,2467.2,70.525,5537,79,29
Brice Garnett,29,853,63,29.41,1,2,95,-7.371,296.7,58.26,321,3.378947368,551,64.3,101,41.61,51,2.87,49,-0.224,0.197,-0.103,-0.318,168.59,2520.8,71.018,6716,95,35
Peter Uihlein,25,843,64,33.72,0,4,79,4.996,301.3,59.8,244,3.128205128,408,51.93,79,56.73,28,2.99,42,0.216,0.031,-0.043,0.229,181.46,2961.6,70.578,5495,78,34
Daniel Berger,23,839,65,36.48,0,1,81,10.445,298,59.48,251,3.302631579,422,64,85,48.74,41,2.56,35,0.493,0.149,0.509,-0.166,170.18,2590.2,70.32,5353,76,25
Keith Mitchell,28,839,66,29.96,0,4,95,-40.194,312.9,56.48,292,3.010309278,517,58.19,36,49.28,38,4.18,73,0.534,0.742,-0.118,-0.09,181.57,2757.8,70.92,6819,97,34
Chris Kirk,28,834,67,29.79,0,4,104,10.284,290.2,63.34,375,3.537735849,592,64.02,76,53.8,37,2.52,48,0.679,-0.041,0.529,0.19,165.84,2570.5,70.411,7411,106,34
Scott Piercy,25,833,68,33.32,1,2,80,-34.359,296.3,56.54,216,2.7,382,64.35,12,43.97,43,3.54,51,0.916,0.205,0.641,0.071,168.51,2621.2,70.736,5634,80,36
Louis Oosthuizen,16,826,69,51.63,0,3,58,4.859,299.8,65.52,190,3.518518519,290,62.58,133,64,22,3.7,36,0.474,0.403,-0.33,0.4,171.42,2721.3,70.157,3806,54,35
Ted Potter Jr,27,809,70,29.96,1,1,83,2.977,286,58.44,315,3.620689655,539,66.76,169,53.42,49,3.13,49,-0.082,-0.044,-0.179,0.14,165.76,3152.8,71.024,6171,87,31
Ryan Moore,22,806,71,36.64,0,5,78,-17.863,289.2,64.16,281,3.602564103,438,71.94,42,47.14,43,2.56,36,1.211,0.406,0.532,0.273,162.68,2472.9,70.015,5457,78,37
Whee Kim,30,805,72,26.83,0,3,93,31.181,285.8,58.56,342,3.842696629,584,61.11,163,61.82,37,2.93,47,-0.864,-0.748,0.03,-0.146,163.98,2504.3,71.477,6318,89,26
Stewart Cink,25,775,73,31.00,0,3,87,-23.115,298.1,55.69,274,3.149425287,492,57.6,48,49.29,49,2.87,45,0.81,0.057,0.698,0.055,171.43,2695.3,70.44,6113,87,45
Nick Watney,26,760,74,29.23,0,1,94,15.999,307.5,55.68,289,3.211111111,519,56.33,66,43.79,51,2.1,34,0.143,0.17,0.141,-0.167,178.53,2707.7,70.862,6346,90,37
Kiradech Aphibarnrat,24,746,75,31.08,0,2,51,0.943,294.6,57.34,164,3.565217391,286,63.34,179,47.13,34,2.78,23,0.261,0.491,-0.347,0.117,168.4,2579.8,70.629,3277,46,34
Jimmy Walker,23,741,76,32.22,0,4,81,23.797,298.5,59.96,295,3.831168831,492,52.89,175,53.57,42,1.88,26,-0.013,-0.467,0.273,0.181,173.97,2360.1,70.786,5456,77,39
Matt Kuchar,24,740,77,30.83,0,4,88,23.37,287.8,64.43,297,3.7125,461,62.97,90,61.97,34,2.5,36,0.254,-0.206,0.238,0.222,162.45,2447.8,70.461,5626,80,40
Kevin Streelman,27,724,78,26.81,0,5,94,-20.478,295.1,60.93,287,3.119565217,471,69.11,3,47.24,52,2.17,36,0.868,0.439,0.415,0.014,169.2,2517.9,70.436,6449,92,38
Bronson Burgoon,24,718,79,29.92,0,2,69,6.123,302.8,55.61,218,3.15942029,392,64.53,50,45.95,32,2.9,36,0.373,0.309,0.371,-0.307,170.27,2390.6,70.701,4845,69,31
Charley Hoffman,25,689,80,27.56,0,0,87,3.858,299.1,56.83,258,3.225,454,57.18,98,45.19,56,2.57,37,0.288,0.231,0.202,-0.145,172.4,2888.6,70.521,5651,80,41
Joel Dahmen,28,676,81,24.14,0,3,93,-19.675,295.8,63.31,302,3.552941176,477,66.36,41,51.85,31,3.59,55,0.677,0.3,0.382,-0.004,167.94,2704.3,70.578,5953,85,32
Michael Kim,27,675,82,25.00,1,1,74,14.004,289.9,56.05,278,3.971428571,496,54.89,186,48.84,45,2.54,32,-1.262,-1.023,-0.213,-0.027,164.54,2659.4,71.662,5005,70,25
J.B. Holmes,24,668,83,27.83,0,3,77,-14.109,306.1,57.14,268,3.573333333,469,57.13,123,54.55,30,3.04,41,0.756,0.565,0.159,0.032,178.22,2622.5,70.789,5306,75,34
Kevin Chappell,23,667,84,29.00,0,4,77,-23.544,308.8,58.5,241,3.256756757,412,61.09,88,44.55,40,4.28,57,0.828,0.628,0.391,-0.191,177.04,2654.9,70.839,5243,74,31
James Hahn,26,666,85,25.62,0,1,85,-10.517,298.7,59.62,279,3.402439024,468,63.73,54,48.48,41,3.05,45,0.431,0.323,0.081,0.028,167.88,2343.9,70.896,5779,82,32
Jamie Lovemark,26,664,86,25.54,0,3,92,0.81,303.2,61.07,342,3.886363636,560,56.92,143,53.33,43,2.71,43,0.378,-0.101,-0.04,0.519,172.07,2525.1,70.734,6201,88,29
Brian Stuard,32,654,87,20.44,0,3,103,12.717,278.4,59.53,331,3.412371134,556,71.21,83,47.62,65,1.95,34,-0.085,-0.236,0.128,0.022,158.74,2649.6,71.038,6855,97,35
Kevin Tway,31,643,88,20.74,0,3,110,4.721,310.1,56.77,352,3.384615385,620,52.61,97,49.44,46,2.4,45,0.277,0.271,0.032,-0.026,181.25,3026.3,70.8,7323,104,33
Branden Grace,18,634,89,35.22,0,2,67,11.334,299.1,58.55,202,3.15625,345,63.44,62,47.71,31,3.13,36,0.471,0.155,0.182,0.134,173.69,2664.6,70.412,4515,64,30
Russell Knox,27,629,90,23.30,0,3,94,-14.039,291.7,60.48,280,3.111111111,463,66.94,20,50.4,34,3.15,51,0.468,0.056,0.252,0.16,165.97,2864.2,70.568,6338,90,31
Kelly Kraft,31,627,91,20.23,0,3,94,5.534,288.6,58.93,353,3.836956522,599,65.84,154,44.94,70,2.9,48,-0.395,-0.286,0.017,-0.126,163.12,2705.7,71.333,6547,92,26
Troy Merritt,27,616,92,22.81,1,3,89,5.594,295.4,57.6,307,3.611764706,533,62.93,130,48.47,49,2.35,36,0.132,0.138,0.086,-0.092,166.88,2828.8,70.888,5993,85,31
Scott Stallings,30,608,93,20.27,0,2,96,-0.967,299.7,61.85,334,3.711111111,540,55.99,110,56.69,37,2.35,38,0.34,-0.021,0.379,-0.018,173.38,2500.5,70.719,6348,90,38
Tom Hoge,31,608,94,19.61,0,3,101,-13.429,291.4,61.41,374,4.021505376,609,62.43,161,49.36,51,3.64,61,0.235,0.018,0.297,-0.079,166,2698.4,70.945,6568,93,45
Satoshi Kodaira,18,600,95,33.33,1,1,51,-20.386,293.2,52.76,172,3.583333333,326,64.97,186,40.24,43,5.09,44,-1.183,0.026,-0.285,-0.924,165.13,2458.1,72.182,3467,48,34
Jhonattan Vegas,27,598,96,22.15,0,1,92,-8.136,303.1,59.09,312,3.505617978,528,57.19,119,40.37,74,3.5,56,0.108,0.311,-0.078,-0.124,181.35,3013.8,71.275,6339,89,35
Russell Henley,23,589,97,25.61,0,3,77,11.054,292.5,55.15,214,2.891891892,388,69.34,32,43.9,49,2.7,36,0.273,0.094,0.431,-0.252,167.69,2744.4,70.489,5224,74,29
Danny Lee,30,587,98,19.57,0,3,88,10.927,290.6,60.81,329,3.825581395,541,62.65,131,55.62,41,2.84,44,-0.099,0.005,-0.155,0.051,165.68,2685.9,71.196,6077,86,28
Ollie Schniederjans,27,573,99,21.22,0,3,91,24.38,301.7,57.65,324,3.724137931,562,52.28,167,50.31,63,2.49,39,-0.038,-0.406,0.104,0.264,177.43,2758.6,70.641,6143,87,25
Anirban Lahiri,24,566,100,23.58,0,4,82,13.321,294,58.35,304,3.707317073,521,60.09,141,51.46,55,2.85,42,-0.095,0.07,-0.285,0.12,167.32,2515.2,70.66,5794,82,31
Jason Dufner,22,557,101,25.32,0,2,71,-1.467,296.9,59.16,226,3.53125,382,61.94,144,51.55,26,3.91,45,-0.074,0.259,-0.126,-0.207,169.16,2587.9,71.323,4564,64,41
Sam Ryder,26,551,102,21.19,0,3,82,-24.435,297.3,56.47,227,2.8375,402,66.91,2,43.48,36,3.82,55,0.503,0.203,0.399,-0.099,169.88,2962.8,70.914,5612,80,29
Trey Mullinax,24,550,103,22.92,0,3,75,4.472,318.7,55.26,226,3.275362319,409,54.98,106,49.14,36,2.5,31,-0.101,0.51,-0.416,-0.195,182.22,2697.7,70.815,4872,69,27
Brandon Harkins,30,545,104,18.17,0,3,101,19.146,303.1,55.88,328,3.452631579,587,54.79,114,53.42,53,3.1,53,0.05,0.181,-0.006,-0.124,175.21,2801.2,70.721,6688,95,32
Patrick Rodgers,30,541,105,18.03,0,3,97,41.152,303.4,58.14,318,3.419354839,547,60.92,112,52.52,35,2.51,42,-0.402,-0.033,-0.412,0.043,177.01,2731.1,70.731,6572,93,26
Charl Schwartzel,20,528,106,26.40,0,3,65,1.932,299.5,58.4,226,3.896551724,387,54.86,183,48.87,42,2.97,31,-0.205,-0.075,-0.092,-0.038,175.55,2849.8,71.349,4160,58,34
Sean OHair,22,526,107,23.91,0,2,67,-11.801,302.7,57.56,236,3.746031746,410,60.09,153,51.09,47,2.56,29,-0.026,0.211,-0.073,-0.164,171.76,2567,71.479,4490,63,33
Alex Cejka,24,524,108,21.83,0,2,77,0.556,286.7,64,288,4.173913043,450,66.49,155,59.35,34,2.33,29,0.302,-0.024,-0.169,0.495,160.36,2899.2,70.675,4852,69,47
Harold Varner III,27,524,109,19.41,0,3,91,-1.846,308.2,59,295,3.314606742,500,58.73,61,52,31,3.18,51,0.209,0.209,-0.052,0.052,173.46,2311.1,70.971,6303,89,28
Rory Sabbatini,27,521,110,19.30,0,1,91,4.449,292.3,61.36,316,3.550561798,515,62.05,71,60.67,28,3.37,54,0.299,0.217,-0.152,0.234,166.25,2551.6,70.693,6250,89,36
Richy Werenski,32,498,111,15.56,0,2,98,-8.405,292.2,57.55,301,3.27173913,523,65.16,77,43.36,63,3.02,50,0.072,0.113,-0.099,0.058,164.05,2734.2,71.185,6512,92,35
Sung Kang,29,490,112,16.90,0,2,89,-15.725,293.1,52.4,295,3.470588235,563,56.72,168,50.34,64,2.94,45,-0.806,-0.488,-0.094,-0.225,168.69,2506.9,71.954,6101,85,31
John Huh,29,480,113,16.55,0,2,94,13.73,287.1,57.94,321,3.566666667,554,63.83,113,47.06,62,2.47,40,0.083,-0.11,0.24,-0.047,162.77,2197.1,70.718,6329,90,35
Tyler Duncan,31,457,114,14.74,0,2,97,-42.673,294.4,53.83,260,2.795698925,483,66.37,25,33.8,61,3.58,60,0.564,0.269,0.44,-0.145,166.46,2551.1,71.04,6582,93,30
Seamus Power,28,455,115,16.25,0,2,86,32.845,302.6,63.8,312,4,489,55.19,128,60.94,29,2.71,38,-0.319,0.076,-0.392,-0.003,177.8,2992.9,70.869,5490,78,31
Martin Laird,22,453,116,20.59,0,3,73,17.178,299,59.15,236,3.630769231,399,63.22,111,50.48,31,3.59,42,0.189,-0.045,0.024,0.209,171.22,2597.1,70.839,4576,65,35
William McGirt,26,449,117,17.27,0,3,84,14.964,289.3,62.86,286,3.666666667,455,59.89,81,53.28,42,2.42,34,-0.021,-0.306,0.091,0.194,165.07,2740,70.791,5494,78,34
J.T. Poston,22,448,118,20.36,0,2,73,7.706,300.7,57.53,233,3.281690141,405,61.53,52,50,40,2.27,29,0.003,0.381,-0.373,-0.005,171.83,2581.3,70.915,4999,71,31
Vaughn Taylor,25,445,119,17.80,0,3,83,-5.585,286.1,59.91,281,3.556962025,469,67.51,94,47.65,65,3.66,52,0.299,-0.005,0.305,-0.002,160.07,2343,70.692,5554,79,36
Grayson Murray,22,438,120,19.91,0,2,72,-20.673,307.3,54.32,264,3.666666667,486,56,176,43.93,67,4.63,60,0.014,0.375,-0.347,-0.015,178.34,2560.1,72.091,5176,72,24
Sam Saunders,26,437,121,16.81,0,4,80,6.304,302.8,55.79,260,3.513513514,466,60.14,132,51.75,46,2.25,30,0.132,0.35,-0.081,-0.138,170.67,2344.5,70.794,5208,74,33
Ryan Blaum,28,433,122,15.46,0,2,81,1.79,289,55.46,264,3.384615385,476,64.31,105,41.54,48,3.35,47,-0.058,0.011,-0.074,0.005,161.74,2819,70.993,5502,78,33
Scott Brown,32,422,123,13.19,0,2,102,3.967,292.6,54.79,332,3.387755102,606,62.03,115,42.86,68,2.27,40,-0.71,-0.265,-0.27,-0.175,165.98,2649.5,71.329,6954,98,36
Nick Taylor,30,420,124,14.00,0,2,94,-23.071,292.7,61.83,324,3.6,524,60.94,78,55.56,38,3.4,55,0.077,0.049,0.011,0.017,163.72,2573,71.269,6373,90,30
Bud Cauley,17,405,125,23.82,0,2,55,15.055,295.4,60.12,205,3.867924528,341,60.81,149,54.37,29,2.94,28,0.094,-0.113,-0.032,0.239,168.39,2552.7,71.356,3775,53,25
Harris English,31,383,126,12.35,0,2,84,15.063,302.4,57.86,298,3.820512821,515,58.99,166,44.67,44,2.35,33,-0.406,-0.219,-0.297,0.111,175.75,2609.4,71.162,5522,78,29
Martin Piller,28,371,127,13.25,0,2,79,7.937,292.2,57.74,317,4.116883117,549,58.51,189,47.62,63,3.25,45,-1.246,-0.248,-0.811,-0.186,163.87,2624.3,71.929,5509,77,34
Tyrone Van Aswegen,31,364,128,11.74,0,1,101,-0.826,290.3,58.08,338,3.634408602,582,56.98,124,49.01,47,2.39,40,-0.313,-0.493,-0.008,0.187,167.96,2374.3,71.243,6595,93,33
Chad Campbell,28,361,129,12.89,0,2,87,-30.441,286.5,59.39,291,3.683544304,490,64.7,116,50,57,4.22,60,-0.029,-0.042,-0.01,0.023,163.67,2606.5,71.683,5632,79,38
Corey Conners,28,353,130,12.61,0,1,97,-30.431,303.3,57.52,287,3.086021505,499,62.99,17,44.27,46,3.88,65,0.579,0.501,0.275,-0.198,172.06,2942.9,70.743,6543,93,26
Robert Garrigus,27,353,131,13.07,0,1,80,-38.672,307.9,56.84,270,3.552631579,475,56.37,122,43.2,41,3.95,54,0.356,0.21,0.331,-0.186,176.19,2292.3,71.457,5391,76,33
Aaron Baddeley,27,342,132,12.67,0,1,84,-4.064,295.5,62.09,303,3.884615385,488,52.18,165,56.25,32,2.49,35,0.305,-0.375,0.048,0.632,170.68,2683,70.85,5518,78,37
Johnson Wagner,21,338,133,16.10,0,0,75,34.286,286.1,65.41,261,3.782608696,399,64.25,69,52.75,16,2.01,25,0.092,-0.213,0.078,0.226,161.36,2421,70.758,4826,69,34
Tom Lovelady,28,332,134,11.86,0,2,87,-3.415,315.9,52.08,250,3.086419753,480,54.73,92,49.65,48,3.7,54,-0.14,0.379,-0.24,-0.279,180.24,2592.5,71.252,5739,81,41
Lucas Glover,18,324,135,18.00,0,1,65,-6.534,297.2,60.76,209,3.426229508,344,64.6,80,51.24,36,3.73,41,0.413,0.509,-0.123,0.027,171.9,2658,71.066,4345,61,38
Ben Silverman,28,323,136,11.54,0,2,90,18.079,290.2,57.36,304,3.619047619,530,65.56,134,44.67,61,2.45,37,-0.444,0.069,-0.385,-0.128,166.43,2784.8,71.281,5956,84,30
Derek Fathauer,28,316,137,11.29,0,1,84,24.663,289.1,54.99,314,3.925,571,53.27,190,43.62,68,2.85,41,-1.17,-0.757,-0.365,-0.048,165.6,2479.8,71.827,5722,80,27
David Hearn,21,315,138,15.00,0,2,66,-6.334,285.1,55.65,187,3.116666667,336,66.63,40,47.62,30,3.61,39,0.095,-0.17,0.379,-0.113,159.56,2906.2,71.325,4238,60,39
Talor Gooch,27,308,139,11.41,0,0,78,1.897,298.9,59.53,281,3.902777778,472,57.31,162,51.52,37,2.78,36,-0.194,-0.322,0.075,0.053,174.46,2886.6,71.149,5112,72,26
Shane Lowry,19,296,140,15.58,0,0,64,-8.159,300.3,54.93,167,2.982142857,304,60.96,43,51.69,23,2.98,30,0.494,0.336,0.228,-0.069,171.81,2618.3,70.754,3973,56,34
Jim Furyk,15,291,141,19.40,0,2,50,13.72,280.5,64.54,182,3.791666667,282,69.77,148,45.33,35,2.31,20,0.087,-0.277,0.111,0.253,157.36,2625.8,70.342,3388,48,48
Michael Thompson,19,280,142,14.74,0,0,62,27.889,296.4,55.77,174,3,312,64.66,19,48.61,22,2.87,30,-0.446,-0.073,-0.423,0.05,167.02,2718.6,70.924,4085,58,28
David Lingmerth,26,274,143,10.54,0,0,82,15.774,285.4,58.57,304,3.897435897,519,68.93,169,48.41,51,2.56,36,-0.235,0.006,-0.16,-0.081,163.9,2928.3,71.043,5511,78,31
Graeme McDowell,20,274,144,13.70,0,1,67,21.497,293.2,60.82,222,3.762711864,365,64.44,146,47.32,34,3.2,34,0.216,0.143,-0.026,0.099,164.41,2458.3,71.001,4196,59,39
Nicholas Lindheim,26,272,145,10.46,0,1,77,20.924,293.5,53.9,214,3.101449275,397,60.44,65,43.96,36,3.06,38,-0.678,-0.258,-0.368,-0.052,168.57,2266.6,71.344,4876,69,33
Shawn Stefani,25,268,146,10.72,0,1,76,-2.05,299.6,58.43,253,3.418918919,433,56.52,83,47.5,42,3,40,0.141,-0.093,0.221,0.013,169.38,2384.9,71.192,5229,74,35
Ben Crane,21,267,147,12.71,0,1,65,15.28,281.1,63,235,3.983050847,373,67.52,136,66,20,2.26,24,-0.156,-0.302,-0.038,0.184,160.75,2514.5,71.097,4164,59,42
Denny McCarthy,22,267,148,12.14,0,1,71,22.017,295.4,59.83,216,3.428571429,361,63.45,59,46.15,31,2.38,27,-0.355,0.011,-0.347,-0.019,169.32,2641.6,70.861,4432,63,25
Ben Martin,20,266,149,13.30,0,1,64,6.716,289.6,58.8,244,3.8125,415,63.52,152,57.69,34,2.34,27,-0.119,-0.142,0.119,-0.096,165.61,2828.8,70.974,4533,64,31
Matt Jones,23,264,150,11.48,0,0,70,-3.783,304.2,60.34,213,3.435483871,353,58.98,87,50.48,37,3.41,38,0.192,0.325,-0.304,0.17,176.11,3004.9,71.112,4381,62,36
Bill Haas,25,262,151,10.48,0,1,76,-8.151,296.3,61.38,267,3.608108108,435,56.35,120,55.75,23,2.18,29,0.142,-0.174,-0.025,0.341,169.91,2699,71.028,5244,74,36
Retief Goosen,20,261,152,13.05,0,1,60,-16.459,296.2,56.98,204,3.923076923,358,55.22,182,41.89,31,2.99,28,-0.085,-0.392,0.389,-0.083,166.59,2218.2,71.409,3721,52,49
Chris Stroud,27,255,153,9.44,0,1,81,3.098,289.8,59.96,292,4,487,62.24,173,53.42,47,2.89,38,-0.391,-0.277,-0.056,-0.058,166.06,2773.5,71.628,5195,73,32
Hudson Swafford,22,245,154,11.14,0,0,73,-13.534,302.8,54.01,202,3.014925373,374,64.57,38,51.52,27,4.39,53,-0.232,0.225,-0.237,-0.221,173.93,2674.9,71.619,4760,67,27
Adam Schenk,28,239,155,8.54,0,1,86,8.558,305.5,54.55,252,3.15,462,57.67,67,42.36,51,3.26,47,-0.28,0.073,-0.262,-0.091,177.58,3006.1,71.37,5683,80,26
J.J. Henry,28,239,156,8.54,0,1,81,-35.859,291.8,54.77,218,2.906666667,398,66.22,12,42.22,37,3.26,44,0.376,0.174,0.34,-0.138,167.53,2850.3,71.372,5321,75,39
Hunter Mahan,21,234,157,11.14,0,1,67,17.634,296.9,58.81,207,3.285714286,352,65.04,39,40.95,43,2.2,25,-0.137,0.465,-0.149,-0.453,168.91,2762.6,71.135,4439,63,36
Mackenzie Hughes,28,227,158,8.11,0,1,80,-10.204,295,55.21,249,3.276315789,451,59.63,104,41.82,48,2.41,33,0.154,-0.067,0.342,-0.121,170.72,2757.6,71.282,5387,76,28
Peter Malnati,28,226,159,8.07,0,0,87,46.404,290.9,61.3,339,4.084337349,553,56.86,172,56.69,57,1.81,27,-0.374,-0.372,-0.257,0.255,165,2581.9,70.841,5848,83,30
Fabian Gomez,28,221,160,7.89,0,0,88,0.056,291.1,58.85,286,3.404761905,486,64.99,70,43.2,53,2.71,41,-0.107,-0.062,-0.015,-0.03,165.03,2475.7,71.02,5929,84,39
Wesley Bryan,23,219,161,9.52,0,0,69,18.354,280.4,60.17,281,4.194029851,467,55.41,184,49.58,48,2.07,25,-0.814,-1.443,0.222,0.407,163.44,2389,71.552,4770,67,32
Martin Flores,29,215,162,7.41,0,0,92,-20.821,300,54.89,286,3.325581395,521,54.92,102,40.65,73,3.23,50,-0.278,-0.097,-0.083,-0.098,171,2317.8,71.458,6112,86,36
Stephan Jaeger,26,211,163,8.12,0,0,81,-9.095,299.2,56.76,252,3.36,444,58.76,91,46.97,56,2.81,38,0.054,0.045,-0.166,0.175,169.4,2817.5,71.356,5316,75,32
Blayne Barber,22,202,164,9.18,0,0,69,-1.323,294.7,57.46,208,3.104477612,362,64.67,22,52.73,38,3.23,39,-0.019,0.101,-0.047,-0.073,166.91,2639.8,70.835,4699,67,28
Xinjun Zhang,28,195,165,6.96,0,1,81,-24.884,298.7,58.2,259,3.453333333,445,65.33,93,49.23,44,4.52,61,-0.297,0.139,-0.254,-0.182,169.29,2747.4,71.486,5330,75,31
Cameron Percy,16,191,166,11.94,0,2,56,-8.392,295.6,57.3,157,3.14,274,63.66,30,54.79,24,2.44,22,0.49,0.241,0.039,0.21,166.61,2216.1,70.909,3503,50,44
Dominic Bozzelli,20,190,167,9.50,0,0,65,18.799,297,58.86,269,4.138461538,457,55.69,185,44.8,54,2.39,28,-0.363,-0.244,-0.252,0.133,171.08,2724.3,71.179,4603,65,26
Zac Blair,20,176,168,8.80,0,0,64,9.34,279.5,61.43,215,3.706896552,350,62.76,100,61.63,24,2.11,22,0.12,-0.345,0.072,0.394,158.44,2798.2,71.215,4089,58,29
Lanto Griffin,26,175,169,6.73,0,0,80,-7.758,302.4,56.35,235,3.175675676,417,54.52,73,50.91,42,3.3,44,-0.162,-0.05,-0.034,-0.078,178.59,2451.1,71.145,5228,74,30
Nate Lashley,17,168,170,9.88,0,0,51,2.853,293.9,60.59,163,3.468085106,269,60.58,57,48.57,21,2.36,20,0.228,0.111,0.036,0.08,168.96,2484.4,70.999,3318,47,35
Jonas Blixt,23,167,171,7.26,0,0,67,11.722,293.1,56.83,237,3.885245902,417,60.3,180,52.13,26,2.82,31,-0.791,-0.424,-0.563,0.196,165.21,2496.8,72.134,4383,61,30
Jonathan Randolph,25,166,172,6.64,0,1,71,6.907,289.4,59.83,277,4.261538462,463,62.18,188,54.03,44,3.16,37,-0.992,-0.271,-0.538,-0.182,162.51,2650.9,71.945,4652,65,34
Ricky Barnes,22,164,173,7.45,0,1,65,15.195,290.6,57.4,221,3.745762712,385,47.15,156,51.65,30,2.45,26,-0.703,-1.019,0.059,0.257,169.94,2427.3,71.663,4179,59,39
D.A. Points,25,162,174,6.48,0,1,63,5.274,280.8,53.32,233,3.819672131,437,60.47,191,57.66,45,3.19,35,-1.559,-1.069,-0.541,0.051,160.2,2578,73.019,4414,61,41
Ethan Tracy,23,157,175,6.83,0,0,72,-1.408,299,54.88,236,3.470588235,430,60.25,137,34.86,51,3.68,45,-0.786,-0.054,-0.423,-0.309,171.76,2756.4,72.038,4857,68,28
Robert Streb,29,155,176,5.34,0,1,78,-4.83,292.6,52.89,247,3.337837838,467,54.11,135,45,70,2.78,37,-0.5,-0.68,0.096,0.084,171.43,2864.9,71.905,5301,74,34
Brett Stegmaier,21,149,177,7.10,0,0,67,18.83,295.4,56.44,184,3.016393443,326,58.38,14,48.28,20,3.01,33,-0.353,-0.135,0.078,-0.296,166.03,2219.9,71.191,4301,61,35
Rob Oppenheim,26,148,178,5.69,0,0,74,2.407,285.2,59.55,262,3.852941176,440,56.26,150,60,29,3.51,43,-0.586,-0.662,0.026,0.05,166.5,2809.1,71.532,4830,68,31
Jonathan Byrd,24,147,179,6.13,0,0,70,-5.087,291.7,58.31,207,3.338709677,355,58.59,58,57.65,21,3.14,35,-0.16,-0.542,0.043,0.339,166.28,2646.5,71.398,4382,62,38
Cody Gribble,25,141,180,5.64,0,0,71,10.838,301,53.3,234,3.6,439,55.45,177,48.72,47,2.74,32,-1.02,-0.212,-0.696,-0.111,168.33,2127.3,72.112,4667,65,27
Steve Wheatcroft,20,138,181,6.90,0,1,60,-5.892,288.9,61.03,213,3.672413793,349,69.79,99,47.73,35,2.59,27,-0.211,0.112,-0.065,-0.258,162.91,2541.4,71.631,4111,58,34
Greg Chalmers,20,133,182,6.65,0,1,56,32.382,282.8,52.85,213,4.096153846,403,58.9,193,50.44,50,1.5,14,-2.055,-0.69,-1.192,-0.174,160.9,2213,72.531,3767,52,44
Matt Every,30,113,183,3.77,0,1,79,-22.207,294.2,52.51,251,3.346666667,478,55.5,145,48.84,53,3.63,49,-0.775,-0.437,-0.023,-0.314,169.1,2561,72.044,5379,75,33
Roberto Diaz,25,107,184,4.28,0,0,72,9.41,286.3,58.56,260,3.823529412,444,63.2,157,50,49,3.02,37,-1.001,-0.165,-0.6,-0.237,161.27,2780.2,71.731,4847,68,32
Conrad Shindler,20,92,185,4.60,0,0,60,-7.33,291.3,60,204,3.642857143,340,65.77,103,48.15,32,2.98,30,-0.146,0.114,-0.008,-0.252,169.76,3346.1,71.465,3952,56,30
Daniel Summerhays,19,89,186,4.68,0,1,51,27.96,287.1,54.86,192,4.266666667,350,54.69,194,52.44,38,1.48,12,-2.84,-0.977,-1.586,-0.277,162.06,2547.8,73.177,3261,45,34
Cameron Tringale,26,88,187,3.38,0,0,67,-5.292,289.3,55.24,216,3.428571429,391,51.99,117,52.81,32,3.79,43,-0.915,-1.351,0.348,0.088,164.74,2563.8,72.146,4525,63,33
Smylie Kaufman,22,74,188,3.36,0,1,49,-15.532,297.1,47.12,196,4.170212766,416,40.85,195,42.86,73,3.07,26,-3.586,-1.585,-1.504,-0.497,171.75,2484.2,74.891,3515,47,25
Billy Hurley III,27,73,189,2.70,0,0,70,1.414,284,54.93,234,3.65625,426,59.24,171,48.96,35,2.95,34,-0.727,-0.696,-0.17,0.139,161.67,2725.4,71.715,4565,64,36
Rod Pampling,20,64,190,3.20,0,0,62,-18.964,288.4,56.67,221,3.810344828,390,63.69,174,43.2,53,3.07,32,-0.673,-0.095,-0.415,-0.163,163.86,2719.1,72.445,4184,58,48
Matt Atkins,21,44,191,2.10,0,0,56,-7.912,301.4,57.6,197,3.788461538,342,57.5,164,45.65,35,3.63,34,-0.931,0.134,-1.039,-0.027,170.18,2527.8,72.251,3716,52,32
Padraig Harrington,16,29,192,1.81,0,0,46,-5.742,300.1,56.32,156,2.08,277,55.18,192,62.34,18,2.86,39,-0.882,-0.448,-0.663,0.23,169.6,2633.7,70.89,5329,75,47
Zecheng Dou,23,21,193,0.91,0,0,53,-24.01,291.9,51.56,165,3.367346939,320,54.76,158,46.51,30,4.88,43,-0.531,-0.079,-0.265,-0.187,165.76,2772.3,72.773,3546,49,21
Andrew Yun,22,16,194,0.73,0,0,51,-20.385,290.6,44.01,136,3.022222222,309,53.58,181,34.33,37,3.7,30,-1.336,-0.457,-0.447,-0.432,165.25,2727.1,73.624,3284,45,27
Kyle Thompson,22,10,195,0.45,0,0,50,-27.017,285.3,54.02,168,3.652173913,311,62.99,178,51.28,24,3.86,32,-0.512,-0.534,0.036,-0.014,158.42,2286.4,72.673,3311,46,31
,,,,,,,,,,,,,,,,,,,,,,,,,,,,,
,,,,,,,,,,,,,,,,,,,,,,,,,,,,,
,,,,,,,,,,,,,,,,,,,,,,,,,,,,,
,,,,,,,,,,,,,,,,,,,,,,,,,,,,,
,,,,,,,,,,,,,,,,,,,,,,,,,,,,,
,,,,,,,,,,,,,,,,,,,,,,,,,,,,,
,,,,,,,,,,,,,,,,,,,,,,,,,,,,,
,,,,,,,,,,,,,,,,,,,,,,,,,,,,,
,,,,,,,,,,,,,,,,,,,,,,,,,,,,,
,,,,,,,,,,,,,,,,,,,,,,,,,,,,,
,,,,,,,,,,,,,,,,,,,,,,,,,,,,,
,,,,,,,,,,,,,,,,,,,,,,,,,,,,,
,,,,,,,,,,,,,,,,,,,,,,,,,,,,,
,,,,,,,,,,,,,,,,,,,,,,,,,,,,,
,,,,,,,,,,,,,,,,,,,,,,,,,,,,,
,,,,,,,,,,,,,,,,,,,,,,,,,,,,,
,,,,,,,,,,,,,,,,,,,,,,,,,,,,,
,,,,,,,,,,,,,,,,,,,,,,,,,,,,,
,,,,,,,,,,,,,,,,,,,,,,,,,,,,,
,,,,,,,,,,,,,,,,,,,,,,,,,,,,,
,,,,,,,,,,,,,,,,,,,,,,,,,,,,,
,,,,,,,,,,,,,,,,,,,,,,,,,,,,,
,,,,,,,,,,,,,,,,,,,,,,,,,,,,,
,,,,,,,,,,,,,,,,,,,,,,,,,,,,,
,,,,,,,,,,,,,,,,,,,,,,,,,,,,,
,,,,,,,,,,,,,,,,,,,,,,,,,,,,,
,,,,,,,,,,,,,,,,,,,,,,,,,,,,,
,,,,,,,,,,,,,,,,,,,,,,,,,,,,,
,,,,,,,,,,,,,,,,,,,,,,,,,,,,,
,,,,,,,,,,,,,,,,,,,,,,,,,,,,,
,,,,,,,,,,,,,,,,,,,,,,,,,,,,,
,,,,,,,,,,,,,,,,,,,,,,,,,,,,,
,,,,,,,,,,,,,,,,,,,,,,,,,,,,,
,,,,,,,,,,,,,,,,,,,,,,,,,,,,,
,,,,,,,,,,,,,,,,,,,,,,,,,,,,,
,,,,,,,,,,,,,,,,,,,,,,,,,,,,,
,,,,,,,,,,,,,,,,,,,,,,,,,,,,,
,,,,,,,,,,,,,,,,,,,,,,,,,,,,,
,,,,,,,,,,,,,,,,,,,,,,,,,,,,,
,,,,,,,,,,,,,,,,,,,,,,,,,,,,,
,,,,,,,,,,,,,,,,,,,,,,,,,,,,,
,,,,,,,,,,,,,,,,,,,,,,,,,,,,,
,,,,,,,,,,,,,,,,,,,,,,,,,,,,,
,,,,,,,,,,,,,,,,,,,,,,,,,,,,,
,,,,,,,,,,,,,,,,,,,,,,,,,,,,,
,,,,,,,,,,,,,,,,,,,,,,,,,,,,,
,,,,,,,,,,,,,,,,,,,,,,,,,,,,,
,,,,,,,,,,,,,,,,,,,,,,,,,,,,,
,,,,,,,,,,,,,,,,,,,,,,,,,,,,,
,,,,,,,,,,,,,,,,,,,,,,,,,,,,,
,,,,,,,,,,,,,,,,,,,,,,,,,,,,,
,,,,,,,,,,,,,,,,,,,,,,,,,,,,,
,,,,,,,,,,,,,,,,,,,,,,,,,,,,,
,,,,,,,,,,,,,,,,,,,,,,,,,,,,,
,,,,,,,,,,,,,,,,,,,,,,,,,,,,,
,,,,,,,,,,,,,,,,,,,,,,,,,,,,,
,,,,,,,,,,,,,,,,,,,,,,,,,,,,,
,,,,,,,,,,,,,,,,,,,,,,,,,,,,,
,,,,,,,,,,,,,,,,,,,,,,,,,,,,,
,,,,,,,,,,,,,,,,,,,,,,,,,,,,,
,,,,,,,,,,,,,,,,,,,,,,,,,,,,,
,,,,,,,,,,,,,,,,,,,,,,,,,,,,,
,,,,,,,,,,,,,,,,,,,,,,,,,,,,,
,,,,,,,,,,,,,,,,,,,,,,,,,,,,,
,,,,,,,,,,,,,,,,,,,,,,,,,,,,,
,,,,,,,,,,,,,,,,,,,,,,,,,,,,,
,,,,,,,,,,,,,,,,,,,,,,,,,,,,,
,,,,,,,,,,,,,,,,,,,,,,,,,,,,,
,,,,,,,,,,,,,,,,,,,,,,,,,,,,,
,,,,,,,,,,,,,,,,,,,,,,,,,,,,,
,,,,,,,,,,,,,,,,,,,,,,,,,,,,,
,,,,,,,,,,,,,,,,,,,,,,,,,,,,,
,,,,,,,,,,,,,,,,,,,,,,,,,,,,,
,,,,,,,,,,,,,,,,,,,,,,,,,,,,,
,,,,,,,,,,,,,,,,,,,,,,,,,,,,,
,,,,,,,,,,,,,,,,,,,,,,,,,,,,,
,,,,,,,,,,,,,,,,,,,,,,,,,,,,,
,,,,,,,,,,,,,,,,,,,,,,,,,,,,,
,,,,,,,,,,,,,,,,,,,,,,,,,,,,,
,,,,,,,,,,,,,,,,,,,,,,,,,,,,,
,,,,,,,,,,,,,,,,,,,,,,,,,,,,,
,,,,,,,,,,,,,,,,,,,,,,,,,,,,,
,,,,,,,,,,,,,,,,,,,,,,,,,,,,,
,,,,,,,,,,,,,,,,,,,,,,,,,,,,,
,,,,,,,,,,,,,,,,,,,,,,,,,,,,,
,,,,,,,,,,,,,,,,,,,,,,,,,,,,,
,,,,,,,,,,,,,,,,,,,,,,,,,,,,,
,,,,,,,,,,,,,,,,,,,,,,,,,,,,,
,,,,,,,,,,,,,,,,,,,,,,,,,,,,,
,,,,,,,,,,,,,,,,,,,,,,,,,,,,,
,,,,,,,,,,,,,,,,,,,,,,,,,,,,,
,,,,,,,,,,,,,,,,,,,,,,,,,,,,,
,,,,,,,,,,,,,,,,,,,,,,,,,,,,,
,,,,,,,,,,,,,,,,,,,,,,,,,,,,,
,,,,,,,,,,,,,,,,,,,,,,,,,,,,,
,,,,,,,,,,,,,,,,,,,,,,,,,,,,,
,,,,,,,,,,,,,,,,,,,,,,,,,,,,,
,,,,,,,,,,,,,,,,,,,,,,,,,,,,,
,,,,,,,,,,,,,,,,,,,,,,,,,,,,,
,,,,,,,,,,,,,,,,,,,,,,,,,,,,,
,,,,,,,,,,,,,,,,,,,,,,,,,,,,,
,,,,,,,,,,,,,,,,,,,,,,,,,,,,,
,,,,,,,,,,,,,,,,,,,,,,,,,,,,,
,,,,,,,,,,,,,,,,,,,,,,,,,,,,,
,,,,,,,,,,,,,,,,,,,,,,,,,,,,,
,,,,,,,,,,,,,,,,,,,,,,,,,,,,,
,,,,,,,,,,,,,,,,,,,,,,,,,,,,,
,,,,,,,,,,,,,,,,,,,,,,,,,,,,,
,,,,,,,,,,,,,,,,,,,,,,,,,,,,,
,,,,,,,,,,,,,,,,,,,,,,,,,,,,,
,,,,,,,,,,,,,,,,,,,,,,,,,,,,,
,,,,,,,,,,,,,,,,,,,,,,,,,,,,,
,,,,,,,,,,,,,,,,,,,,,,,,,,,,,
,,,,,,,,,,,,,,,,,,,,,,,,,,,,,
,,,,,,,,,,,,,,,,,,,,,,,,,,,,,
,,,,,,,,,,,,,,,,,,,,,,,,,,,,,
,,,,,,,,,,,,,,,,,,,,,,,,,,,,,
,,,,,,,,,,,,,,,,,,,,,,,,,,,,,
,,,,,,,,,,,,,,,,,,,,,,,,,,,,,
,,,,,,,,,,,,,,,,,,,,,,,,,,,,,
,,,,,,,,,,,,,,,,,,,,,,,,,,,,,
,,,,,,,,,,,,,,,,,,,,,,,,,,,,,
,,,,,,,,,,,,,,,,,,,,,,,,,,,,,
,,,,,,,,,,,,,,,,,,,,,,,,,,,,,
,,,,,,,,,,,,,,,,,,,,,,,,,,,,,
,,,,,,,,,,,,,,,,,,,,,,,,,,,,,
,,,,,,,,,,,,,,,,,,,,,,,,,,,,,
,,,,,,,,,,,,,,,,,,,,,,,,,,,,,
,,,,,,,,,,,,,,,,,,,,,,,,,,,,,
,,,,,,,,,,,,,,,,,,,,,,,,,,,,,
,,,,,,,,,,,,,,,,,,,,,,,,,,,,,
,,,,,,,,,,,,,,,,,,,,,,,,,,,,,
,,,,,,,,,,,,,,,,,,,,,,,,,,,,,
,,,,,,,,,,,,,,,,,,,,,,,,,,,,,
,,,,,,,,,,,,,,,,,,,,,,,,,,,,,
,,,,,,,,,,,,,,,,,,,,,,,,,,,,,